CREATE DATABASE luckyshrub_db;

USE luckyshrub_db;

CREATE TABLE employees (
  EmployeeID INT NOT NULL,
  EmployeeName VARCHAR(150) DEFAULT NULL,
  Department VARCHAR(150) DEFAULT NULL,
  ContactNo VARCHAR(12) DEFAULT NULL,
  Email VARCHAR(100) DEFAULT NULL,
  AnnualSalary INT DEFAULT NULL,
  PRIMARY KEY (EmployeeID)
);

CREATE TABLE orders (
  OrderID INT NOT NULL,
  Department VARCHAR(100) DEFAULT NULL,
  OrderDate DATE DEFAULT NULL,
  OrderQty INT DEFAULT NULL,
  OrderTotal INT DEFAULT NULL,
  PRIMARY KEY (OrderID)
);

CREATE TABLE employee_orders (
  OrderID INT NOT NULL,
  EmployeeID INT NOT NULL,
  Status VARCHAR(150),
  HandlingCost INT DEFAULT NULL,
  PRIMARY KEY (EmployeeID, OrderID),
  FOREIGN KEY (EmployeeID) REFERENCES employees(EmployeeID),
  FOREIGN KEY (OrderID) REFERENCES orders(OrderID)
);


-- Inserción de empleados
INSERT INTO employees VALUES 
(1, 'Seamus Hogan', 'Recruitment', '351478025', 'Seamus.h@luckyshrub.com', 50000), 
(2, 'Thomas Eriksson', 'Legal', '351475058', 'Thomas.e@luckyshrub.com', 75000), 
(3, 'Simon Tolo', 'Marketing', '351930582', 'Simon.t@luckyshrub.com', 40000), 
(4, 'Francesca Soffia', 'Finance', '351258569', 'Francesca.s@luckyshrub.com', 45000), 
(5, 'Emily Sierra', 'Customer Service', '351083098', 'Emily.s@luckyshrub.com', 35000), 
(6, 'Maria Carter', 'Human Resources', '351022508', 'Maria.c@luckyshrub.com', 55000),
(7, 'Rick Griffin', 'Marketing', '351478458', 'Rick.G@luckyshrub.com', 50000),
(8, 'Alice Johnson', 'IT', '351984562', 'Alice.j@luckyshrub.com', 60000),
(9, 'Bob Smith', 'Sales', '351984563', 'Bob.s@luckyshrub.com', 70000),
(10, 'Charlie Davis', 'Production', '351984564', 'Charlie.d@luckyshrub.com', 65000),
(11, 'David Evans', 'Logistics', '351984565', 'David.e@luckyshrub.com', 55000),
(12, 'Eve Foster', 'Legal', '351984566', 'Eve.f@luckyshrub.com', 72000),
(13, 'Frank Green', 'Recruitment', '351984567', 'Frank.g@luckyshrub.com', 48000),
(14, 'Grace Harris', 'Finance', '351984568', 'Grace.h@luckyshrub.com', 49000),
(15, 'Hank Iverson', 'Customer Service', '351984569', 'Hank.i@luckyshrub.com', 36000),
(16, 'Ivy Jackson', 'Marketing', '351984570', 'Ivy.j@luckyshrub.com', 52000),
(17, 'Jack King', 'Sales', '351984571', 'Jack.k@luckyshrub.com', 71000),
(18, 'Karen Lewis', 'IT', '351984572', 'Karen.l@luckyshrub.com', 61000),
(19, 'Larry Moore', 'Production', '351984573', 'Larry.m@luckyshrub.com', 67000),
(20, 'Mona Nelson', 'Logistics', '351984574', 'Mona.n@luckyshrub.com', 58000),
(21, 'Nina Olsen', 'Human Resources', '351984575', 'Nina.o@luckyshrub.com', 56000),
(22, 'Oscar Perry', 'Legal', '351984576', 'Oscar.p@luckyshrub.com', 74000),
(23, 'Paula Quinn', 'Recruitment', '351984577', 'Paula.q@luckyshrub.com', 49000),
(24, 'Quinn Rogers', 'Finance', '351984578', 'Quinn.r@luckyshrub.com', 50000),
(25, 'Rachel Smith', 'Customer Service', '351984579', 'Rachel.s@luckyshrub.com', 37000),
(26, 'Steve Thompson', 'Marketing', '351984580', 'Steve.t@luckyshrub.com', 53000),
(27, 'Tim Underwood', 'Sales', '351984581', 'Tim.u@luckyshrub.com', 72000),
(28, 'Ursula Vega', 'IT', '351984582', 'Ursula.v@luckyshrub.com', 62000),
(29, 'Victor White', 'Production', '351984583', 'Victor.w@luckyshrub.com', 68000),
(30, 'Wendy Xu', 'Logistics', '351984584', 'Wendy.x@luckyshrub.com', 59000),
(31, 'Xander Young', 'Human Resources', '351984585', 'Xander.y@luckyshrub.com', 57000),
(32, 'Yara Zimmerman', 'Legal', '351984586', 'Yara.z@luckyshrub.com', 76000),
(33, 'Zane Abbott', 'Recruitment', '351984587', 'Zane.a@luckyshrub.com', 50000),
(34, 'Ava Brown', 'Finance', '351984588', 'Ava.b@luckyshrub.com', 51000),
(35, 'Ben Carter', 'Customer Service', '351984589', 'Ben.c@luckyshrub.com', 38000),
(36, 'Cara Davis', 'Marketing', '351984590', 'Cara.d@luckyshrub.com', 54000),
(37, 'Dean Edwards', 'Sales', '351984591', 'Dean.e@luckyshrub.com', 73000),
(38, 'Ella Foster', 'IT', '351984592', 'Ella.f@luckyshrub.com', 63000),
(39, 'Fred Green', 'Production', '351984593', 'Fred.g@luckyshrub.com', 69000),
(40, 'Gina Harris', 'Logistics', '351984594', 'Gina.h@luckyshrub.com', 60000),
(41, 'Henry Iverson', 'Human Resources', '351984595', 'Henry.i@luckyshrub.com', 58000),
(42, 'Isla Jackson', 'Legal', '351984596', 'Isla.j@luckyshrub.com', 78000),
(43, 'Jake King', 'Recruitment', '351984597', 'Jake.k@luckyshrub.com', 52000),
(44, 'Kim Lewis', 'Finance', '351984598', 'Kim.l@luckyshrub.com', 53000),
(45, 'Leo Moore', 'Customer Service', '351984599', 'Leo.m@luckyshrub.com', 39000),
(46, 'Mia Nelson', 'Marketing', '351984600', 'Mia.n@luckyshrub.com', 55000),
(47, 'Noah Olsen', 'Sales', '351984601', 'Noah.o@luckyshrub.com', 74000),
(48, 'Olivia Perry', 'IT', '351984602', 'Olivia.p@luckyshrub.com', 64000),
(49, 'Peter Quinn', 'Production', '351984603', 'Peter.q@luckyshrub.com', 70000),
(50, 'Quincy Rogers', 'Logistics', '351984604', 'Quincy.r@luckyshrub.com', 61000);



INSERT INTO orders (OrderID, Department, OrderDate, OrderQty, OrderTotal) VALUES
(1, 'Electronics', '2024-01-01', 5, 500),
(2, 'Books', '2024-01-02', 10, 200),
(3, 'Clothing', '2024-01-03', 3, 150),
(4, 'Electronics', '2024-01-04', 2, 300),
(5, 'Books', '2024-01-05', 7, 140),
(6, 'Clothing', '2024-01-06', 4, 200),
(7, 'Electronics', '2024-01-07', 6, 600),
(8, 'Books', '2024-01-08', 8, 160),
(9, 'Clothing', '2024-01-09', 1, 50),
(10, 'Electronics', '2024-01-10', 9, 900),
(11, 'Books', '2024-01-11', 2, 40),
(12, 'Clothing', '2024-01-12', 3, 150),
(13, 'Electronics', '2024-01-13', 5, 500),
(14, 'Books', '2024-01-14', 10, 200),
(15, 'Clothing', '2024-01-15', 3, 150),
(16, 'Electronics', '2024-01-16', 2, 300),
(17, 'Books', '2024-01-17', 7, 140),
(18, 'Clothing', '2024-01-18', 4, 200),
(19, 'Electronics', '2024-01-19', 6, 600),
(20, 'Books', '2024-01-20', 8, 160),
(21, 'Clothing', '2024-01-21', 1, 50),
(22, 'Electronics', '2024-01-22', 9, 900),
(23, 'Books', '2024-01-23', 2, 40),
(24, 'Clothing', '2024-01-24', 3, 150),
(25, 'Electronics', '2024-01-25', 5, 500),
(26, 'Books', '2024-01-26', 10, 200),
(27, 'Clothing', '2024-01-27', 3, 150),
(28, 'Electronics', '2024-01-28', 2, 300),
(29, 'Books', '2024-01-29', 7, 140),
(30, 'Clothing', '2024-01-30', 4, 200),
(31, 'Electronics', '2024-01-31', 6, 600),
(32, 'Books', '2024-02-01', 8, 160),
(33, 'Clothing', '2024-02-02', 1, 50),
(34, 'Electronics', '2024-02-03', 9, 900),
(35, 'Books', '2024-02-04', 2, 40),
(36, 'Clothing', '2024-02-05', 3, 150),
(37, 'Electronics', '2024-02-06', 5, 500),
(38, 'Books', '2024-02-07', 10, 200),
(39, 'Clothing', '2024-02-08', 3, 150),
(40, 'Electronics', '2024-02-09', 2, 300),
(41, 'Books', '2024-02-10', 7, 140),
(42, 'Clothing', '2024-02-11', 4, 200),
(43, 'Electronics', '2024-02-12', 6, 600),
(44, 'Books', '2024-02-13', 8, 160),
(45, 'Clothing', '2024-02-14', 1, 50),
(46, 'Electronics', '2024-02-15', 9, 900),
(47, 'Books', '2024-02-16', 2, 40),
(48, 'Clothing', '2024-02-17', 3, 150),
(49, 'Electronics', '2024-02-18', 5, 500),
(50, 'Books', '2024-02-19', 10, 200);



INSERT INTO employee_orders (OrderID, EmployeeID, Status, HandlingCost) VALUES
(1, 1, 'Completed', 50),
(2, 1, 'Pending', 30),
(3, 2, 'In Progress', 45),
(4, 3, 'Completed', 60),
(5, 4, 'Pending', 25),
(6, 5, 'Completed', 35),
(7, 6, 'In Progress', 40),
(8, 7, 'Completed', 55),
(9, 8, 'Pending', 20),
(10, 9, 'In Progress', 50),
(11, 10, 'Completed', 45),
(12, 11, 'Pending', 30),
(13, 12, 'Completed', 60),
(14, 13, 'In Progress', 40),
(15, 14, 'Pending', 35),
(16, 15, 'Completed', 55),
(17, 16, 'Pending', 25),
(18, 17, 'In Progress', 50),
(19, 18, 'Completed', 45),
(20, 19, 'Pending', 30),
(21, 20, 'In Progress', 60),
(22, 1, 'Completed', 40),
(23, 2, 'Pending', 35),
(24, 3, 'Completed', 55),
(25, 4, 'In Progress', 25),
(26, 5, 'Completed', 50),
(27, 6, 'Pending', 45),
(28, 7, 'In Progress', 30),
(29, 8, 'Completed', 60),
(30, 9, 'Pending', 40),
(31, 10, 'In Progress', 35),
(32, 11, 'Completed', 55),
(33, 12, 'Pending', 25),
(34, 13, 'Completed', 50),
(35, 14, 'In Progress', 45),
(36, 15, 'Completed', 30),
(37, 16, 'Pending', 60),
(38, 17, 'Completed', 40),
(39, 18, 'In Progress', 35),
(40, 19, 'Completed', 55),
(41, 20, 'Pending', 25),
(42, 1, 'In Progress', 50),
(43, 2, 'Completed', 45),
(44, 3, 'Pending', 30),
(45, 4, 'Completed', 60),
(46, 5, 'In Progress', 40),
(47, 6, 'Pending', 35),
(48, 7, 'Completed', 55),
(49, 8, 'In Progress', 25),
(50, 9, 'Completed', 50);

